date,year,month,flow,value_usd,value_usd_mn,quantity
2022-04-01,2022,4,India export,498167108.249,498.167,3107232.0
2022-05-01,2022,5,India export,444554867.753,444.555,2555821.0
2022-06-01,2022,6,India export,707323949.615,707.324,3415521.0
2022-07-01,2022,7,India export,691769738.203,691.77,3750307.0
2022-08-01,2022,8,India export,668924808.653,668.925,3569369.0
2022-09-01,2022,9,India export,890538030.365,890.538,3912696.0
2022-10-01,2022,10,India export,908023572.472,908.024,3945288.0
2022-11-01,2022,11,India export,1193977782.337,1193.978,5163457.0
2022-12-01,2022,12,India export,1190076576.729,1190.077,4104232.0
2023-01-01,2023,1,India export,1165273437.666,1165.273,4650820.0
2023-02-01,2023,2,India export,951320658.59,951.321,3463208.0
2023-03-01,2023,3,India export,1644836677.681,1644.837,5179582.0
2023-04-01,2023,4,India export,1067689193.041,1067.689,3824928.0
2023-05-01,2023,5,India export,1363135996.533,1363.136,4399375.0
2023-06-01,2023,6,India export,1290870811.696,1290.871,3984248.0
2023-07-01,2023,7,India export,950727114.282,950.727,3266207.0
2023-08-01,2023,8,India export,953600923.512,953.601,3661449.0
2023-09-01,2023,9,India export,912133434.875,912.133,3232808.0
2023-10-01,2023,10,India export,1266670962.212,1266.671,4241743.0
2023-11-01,2023,11,India export,1265114170.43,1265.114,3687196.0
2023-12-01,2023,12,India export,1442688389.753,1442.688,4430571.0
2024-01-01,2024,1,India export,1315563017.549,1315.563,4596309.0
2024-02-01,2024,2,India export,1755435410.663,1755.435,5506578.0
2024-03-01,2024,3,India export,1988416325.275,1988.416,5955370.0
2024-04-01,2024,4,India export,1511381532.028,1511.382,4465603.0
2024-05-01,2024,5,India export,1779234181.516,1779.234,5360272.0
2024-06-01,2024,6,India export,1610622090.563,1610.622,4811112.0
2024-07-01,2024,7,India export,1549192115.798,1549.192,4778181.0
2024-08-01,2024,8,India export,1096970652.583,1096.971,3723958.0
2024-09-01,2024,9,India export,922961641.155,922.962,3271965.0
2024-10-01,2024,10,India export,2210431589.82,2210.432,6530836.0
2024-11-01,2024,11,India export,2402337780.677,2402.338,6730202.0
2024-12-01,2024,12,India export,2299334012.035,2299.334,5998076.0
2025-01-01,2025,1,India export,2928312339.1,2928.312,7448395.0
2025-02-01,2025,2,India export,2662126164.019,2662.126,6748244.0
2025-03-01,2025,3,India export,3165731486.706,3165.731,9338826.0
2025-04-01,2025,4,India export,2325552010.082,2325.552,7116234.0
2025-05-01,2025,5,India export,2963212476.939,2963.212,8615961.0
2025-06-01,2025,6,India export,2684749102.02,2684.749,7869587.0
2025-07-01,2025,7,India export,2204184811.82,2204.185,6298011.0
2025-08-01,2025,8,India export,1526488227.683,1526.488,5052861.0
2025-09-01,2025,9,India export,1681946594.289,1681.947,5702650.0
2025-10-01,2025,10,India export,2566145481.017,2566.145,7494514.0
2025-11-01,2025,11,India export,2918617849.176,2918.618,8859822.0
2025-12-01,2025,12,India export,2506895052.292,2506.895,6664730.0
2026-01-01,2026,1,India export,2555511364.847,2555.511,6795394.0
2026-02-01,2026,2,India export,2640186736.889,2640.187,6822163.0
2026-03-01,2026,3,India export,2790802884.986,2790.803,6785821.0
2026-04-01,2026,4,India export,3426354534.761,3426.355,8298472.0
2026-05-01,2026,5,India export,3451948904.919,3451.949,8210228.0
2026-06-01,2026,6,India export,2976216847.236,2976.217,6753869.0
2026-07-01,2026,7,India export,3492811881.728,3492.812,7930544.0
2022-01-01,2022,1,US import,6678247390.0,6678.247,23565549.424
2022-02-01,2022,2,US import,4328112006.0,4328.112,15272620.41
2022-03-01,2022,3,US import,5706372998.0,5706.373,20136093.658
2022-04-01,2022,4,US import,4836933119.0,4836.933,17068098.832
2022-05-01,2022,5,US import,5402710794.0,5402.711,19064560.027
2022-06-01,2022,6,US import,5326070343.0,5326.07,18794118.662
2022-07-01,2022,7,US import,4379875397.0,4379.875,15455278.026
2022-08-01,2022,8,US import,4479476481.0,4479.476,15806740.638
2022-09-01,2022,9,US import,8030385288.0,8030.385,28336842.041
2022-10-01,2022,10,US import,6774129485.0,6774.129,23903888.829
2022-11-01,2022,11,US import,4224350388.0,4224.35,14906476.511
2022-12-01,2022,12,US import,5978618237.0,5978.618,21096766.161
2023-01-01,2023,1,US import,6421495530.0,6421.496,14959461.0
2023-02-01,2023,2,US import,3833451113.0,3833.451,9807568.0
2023-03-01,2023,3,US import,3767424976.0,3767.425,10367139.0
2023-04-01,2023,4,US import,4253398955.0,4253.399,11189808.0
2023-05-01,2023,5,US import,3998890686.0,3998.891,11437229.0
2023-06-01,2023,6,US import,3643414786.0,3643.415,10360427.0
2023-07-01,2023,7,US import,4257785313.0,4257.785,11818112.0
2023-08-01,2023,8,US import,3334317023.0,3334.317,10601297.0
2023-09-01,2023,9,US import,7379184083.0,7379.184,17493985.0
2023-10-01,2023,10,US import,7520544694.0,7520.545,17701912.0
2023-11-01,2023,11,US import,6191181746.0,6191.182,14803401.0
2023-12-01,2023,12,US import,5032276295.0,5032.276,13501297.0
2024-01-01,2024,1,US import,3853022727.0,3853.023,11304952.0
2024-02-01,2024,2,US import,3430602996.0,3430.603,10089691.0
2024-03-01,2024,3,US import,3188423467.0,3188.423,9023778.0
2024-04-01,2024,4,US import,3485481703.0,3485.482,10259636.0
2024-05-01,2024,5,US import,3929472675.0,3929.473,11319753.0
2024-06-01,2024,6,US import,3107103131.0,3107.103,9734586.0
2024-07-01,2024,7,US import,3743566594.0,3743.567,11945636.0
2024-08-01,2024,8,US import,3374965329.0,3374.965,11532597.0
2024-09-01,2024,9,US import,5974028393.0,5974.028,15346638.0
2024-10-01,2024,10,US import,7002130892.0,7002.131,16593984.0
2024-11-01,2024,11,US import,5542089924.0,5542.09,13655821.0
2024-12-01,2024,12,US import,4873665986.0,4873.666,12897990.0
2025-01-01,2025,1,US import,5320854798.0,5320.855,14101521.0
2025-02-01,2025,2,US import,5065789471.0,5065.789,12012069.0
2025-03-01,2025,3,US import,5850048951.0,5850.049,14620039.0
2025-04-01,2025,4,US import,3084760863.0,3084.761,8931555.0
2025-05-01,2025,5,US import,3272538179.0,3272.538,10239214.0
2025-06-01,2025,6,US import,3563230948.0,3563.231,10759099.0
2025-07-01,2025,7,US import,3049504712.0,3049.505,10379392.0
2025-08-01,2025,8,US import,2510296663.0,2510.297,8300948.0
2025-09-01,2025,9,US import,4815899394.0,4815.899,11845743.0
2025-10-01,2025,10,US import,5660840028.0,5660.84,13430712.0
2025-11-01,2025,11,US import,5358901178.0,5358.901,13251745.0
2025-12-01,2025,12,US import,4842818759.0,4842.819,12961433.0
2026-01-01,2026,1,US import,4055493375.0,4055.493,10289657.0
2026-02-01,2026,2,US import,2999929592.0,2999.93,7594781.0
2026-03-01,2026,3,US import,3832467646.0,3832.468,10451761.0
2026-04-01,2026,4,US import,3575450424.0,3575.45,9329145.0
2026-05-01,2026,5,US import,4414929159.0,4414.929,10184500.0
2026-06-01,2026,6,US import,4405963671.0,4405.964,10268304.0
2026-07-01,2026,7,US import,5087437453.0,5087.437,11232014.0
